﻿<?xml version="1.0" encoding="UTF-8" standalone="no" ?><Preferences4D>  <BuildApp>    <BuildCompiled>False</BuildCompiled>    <IncludeAssociatedFolders>True</IncludeAssociatedFolders>    <BuildComponent>False</BuildComponent>    <BuildApplicationSerialized>True</BuildApplicationSerialized>    <BuildApplicationLight>False</BuildApplicationLight>    <SourcesFiles>      <RuntimeVL>        <RuntimeVLIncludeIt>True</RuntimeVLIncludeIt>        <RuntimeVLMacFolder>Macintosh HD:Users:orandriamanana:Desktop:4Dv14Beta:4D Volume Desktop:4D Volume Desktop.app:</RuntimeVLMacFolder>      </RuntimeVL>      <CS>        <ServerIncludeIt>False</ServerIncludeIt>        <ClientMacIncludeIt>False</ClientMacIncludeIt>        <ClientWinIncludeIt>False</ClientWinIncludeIt>      </CS>    </SourcesFiles>    <CS>      <BuildServerApplication>False</BuildServerApplication>      <BuildCSUpgradeable>False</BuildCSUpgradeable>      <BuildV13ClientUpgrades>False</BuildV13ClientUpgrades>      <CurrentVers>1</CurrentVers>      <HardLink></HardLink>    </CS>    <BuildApplicationName>DemoSimpleAutoUpdate</BuildApplicationName>    <BuildMacDestFolder>::DemoSimpleAutoUpdate_Build</BuildMacDestFolder>    <ArrayExcludedPluginName>      <ItemsCount>0</ItemsCount>    </ArrayExcludedPluginName>    <ArrayExcludedPluginID>      <ItemsCount>0</ItemsCount>    </ArrayExcludedPluginID>    <ArrayExcludedComponentName>      <ItemsCount>0</ItemsCount>    </ArrayExcludedComponentName>    <Licenses>      <ArrayLicenseMac>        <ItemsCount>9</ItemsCount>        <Item1>Macintosh HD:Users:orandriamanana:Library:Application Support:4D:Licenses:4DDP130UUS001C0JCS1B16D.license4D</Item1>        <Item2>Macintosh HD:Users:orandriamanana:Library:Application Support:4D:Licenses:4DDP130UUS0019C9R71C757.license4D</Item2>        <Item3>Macintosh HD:Users:orandriamanana:Library:Application Support:4D:Licenses:4DDP140UUS0016NYB018EF3.license4D</Item3>        <Item4>Macintosh HD:Users:orandriamanana:Library:Application Support:4D:Licenses:4USE130UUS0017BXI21F140.license4D</Item4>        <Item5>Macintosh HD:Users:orandriamanana:Library:Application Support:4D:Licenses:4USE130UUS00180MLW1DC5A.license4D</Item5>        <Item6>Macintosh HD:Users:orandriamanana:Library:Application Support:4D:Licenses:4USE140UUS00180M3Q1CBEA.license4D</Item6>        <Item7>Macintosh HD:Users:orandriamanana:Library:Application Support:4D:Licenses:4UUD130UUS00180LQA0996F.license4D</Item7>        <Item8>Macintosh HD:Users:orandriamanana:Library:Application Support:4D:Licenses:4UUD130UUS00180MLX0E389.license4D</Item8>        <Item9>Macintosh HD:Users:orandriamanana:Library:Application Support:4D:Licenses:4UUD140UUS001C0ITY0D128.license4D</Item9>      </ArrayLicenseMac>    </Licenses>    <SignApplication>      <MacSignature>False</MacSignature>      <MacCertificate></MacCertificate>    </SignApplication>  </BuildApp></Preferences4D>