﻿<?xml version="1.0" encoding="UTF-8" standalone="no" ?><Preferences4D>  <BuildApp>    <BuildCompiled>False</BuildCompiled>    <IncludeAssociatedFolders>True</IncludeAssociatedFolders>    <BuildComponent>False</BuildComponent>    <BuildApplicationSerialized>True</BuildApplicationSerialized>    <BuildApplicationLight>False</BuildApplicationLight>    <SourcesFiles>      <RuntimeVL>        <RuntimeVLIncludeIt>True</RuntimeVLIncludeIt>        <RuntimeVLMacFolder>Macintosh HD:Users:olivier:Desktop:144893:4D Volume Desktop:4D Volume Desktop.app:</RuntimeVLMacFolder>      </RuntimeVL>      <CS>        <ServerIncludeIt>False</ServerIncludeIt>        <ClientMacIncludeIt>False</ClientMacIncludeIt>        <ClientWinIncludeIt>False</ClientWinIncludeIt>      </CS>    </SourcesFiles>    <CS>      <BuildServerApplication>False</BuildServerApplication>      <BuildCSUpgradeable>False</BuildCSUpgradeable>      <BuildV13ClientUpgrades>False</BuildV13ClientUpgrades>      <CurrentVers>1</CurrentVers>      <HardLink></HardLink>    </CS>    <BuildApplicationName>DemoSimpleAutoUpdate</BuildApplicationName>    <BuildMacDestFolder>::DemoSimpleAutoUpdate_Build:2:</BuildMacDestFolder>    <ArrayExcludedPluginName>      <ItemsCount>0</ItemsCount>    </ArrayExcludedPluginName>    <ArrayExcludedPluginID>      <ItemsCount>0</ItemsCount>    </ArrayExcludedPluginID>    <ArrayExcludedComponentName>      <ItemsCount>0</ItemsCount>    </ArrayExcludedComponentName>    <Licenses>      <ArrayLicenseMac>        <ItemsCount>6</ItemsCount>        <Item1>Macintosh HD:Library:Application Support:4D:Licenses:4DDP140UUS0018NXPC1BE50.license4D</Item1>        <Item2>Macintosh HD:Library:Application Support:4D:Licenses:4DDP140UUS00180MLV1DDD4.license4D</Item2>        <Item3>Macintosh HD:Library:Application Support:4D:Licenses:4DTD140UUS00880M5613C1A.license4D</Item3>        <Item4>Macintosh HD:Library:Application Support:4D:Licenses:4USE140UUS0019CAPE10E83.license4D</Item4>        <Item5>Macintosh HD:Library:Application Support:4D:Licenses:4USE140UUS00180M5713D9E.license4D</Item5>        <Item6>Macintosh HD:Library:Application Support:4D:Licenses:4UUD140UUS00180MLS018CB.license4D</Item6>      </ArrayLicenseMac>    </Licenses>    <SignApplication>      <MacSignature>False</MacSignature>      <MacCertificate></MacCertificate>    </SignApplication>  </BuildApp></Preferences4D>