<?xml version="1.0" encoding="UTF-8" standalone="yes"?>
<verifylog operation="Repair" name="high-resolution" structure="Macintosh HD:Users:miyako:Desktop:USB:RS-high-resolution:high-resolution.4dbase:high-resolution.4DB" data="" os="Mac OS X (10.10.3)">
<start_timer time="2015-04-23T11:25:55+09:00"/>
<step title="メンテナンスモードでデータベースを開く">
</step>
<step title="修復">
	<step title="自動シーケンス番号定義を圧縮中">
	</step>
	<step title="データテーブルをロード中">
		<step title="データテーブルヘッダーを圧縮中">
		</step>
	</step>
	<step title="テーブル Resources のBLOBを圧縮中">
	</step>
	<step title="テーブル Resources のレコードを圧縮中">
	</step>
	<step title="テーブル [Table#0] のBLOBを圧縮中">
	</step>
	<step title="テーブル [Table#0] のレコードを圧縮中">
	</step>
	<step title="検査処理リソースの初期化">
	</step>
	<step title="データベースメソッドを検査">
	</step>
	<step title="トリガーメソッドを検査">
	</step>
	<step title="プロジェクトメソッドを検査">
		<step title="Prepare">
			<info>Prepare : 19 lines</info>
		</step>
		<step title="Create_four_states">
			<info>Create_four_states : 23 lines</info>
		</step>
		<step title="Create_four_states_file">
			<info>Create_four_states_file : 17 lines</info>
		</step>
		<info>3 project methods</info>
	</step>
	<step title="プロジェクトフォームを検査">
		<step title="automatic">
			<step title="automatic">
				<info>automatic : 107 lines</info>
			</step>
		</step>
		<step title="default">
			<step title="default">
				<info>default : 108 lines</info>
			</step>
		</step>
		<step title="images">
			<step title="images">
				<info>images : 63 lines</info>
			</step>
			<step title="images.Page1.vpen1 ()">
				<info>images.Page1.vpen1 () : 12 lines</info>
			</step>
			<step title="images.Page1.3db2 ()">
				<info>images.Page1.3db2 () : 34 lines</info>
			</step>
			<step title="images.Page1.vpen10 ()">
				<info>images.Page1.vpen10 () : 12 lines</info>
			</step>
			<step title="images.Page1.vpen11 ()">
				<info>images.Page1.vpen11 () : 12 lines</info>
			</step>
			<step title="images.Page1.vpen12 ()">
				<info>images.Page1.vpen12 () : 12 lines</info>
			</step>
			<step title="images.Page1.vpen2 ()">
				<info>images.Page1.vpen2 () : 12 lines</info>
			</step>
			<step title="images.Page1.vpen3 ()">
				<info>images.Page1.vpen3 () : 12 lines</info>
			</step>
			<step title="images.Page1.vpen4 ()">
				<info>images.Page1.vpen4 () : 12 lines</info>
			</step>
			<step title="images.Page1.vpen5 ()">
				<info>images.Page1.vpen5 () : 12 lines</info>
			</step>
			<step title="images.Page1.vpen6 ()">
				<info>images.Page1.vpen6 () : 12 lines</info>
			</step>
			<step title="images.Page1.vpen7 ()">
				<info>images.Page1.vpen7 () : 12 lines</info>
			</step>
			<step title="images.Page1.vpen8 ()">
				<info>images.Page1.vpen8 () : 12 lines</info>
			</step>
			<step title="images.Page1.vpen9 ()">
				<info>images.Page1.vpen9 () : 12 lines</info>
			</step>
		</step>
		<step title="(textxx)">
			<step title="(textxx).Page1.Text.StylesheetName ()">
				<info>(textxx).Page1.Text.StylesheetName () : 10 lines</info>
			</step>
			<step title="(textxx).Page1.Text.FontSize ()">
				<info>(textxx).Page1.Text.FontSize () : 10 lines</info>
			</step>
			<step title="(textxx).Page1.Text.Font ()">
				<info>(textxx).Page1.Text.Font () : 10 lines</info>
			</step>
			<step title="(textxx).Page1.Variable ()">
				<info>(textxx).Page1.Variable () : 8 lines</info>
			</step>
			<step title="(textxx).Page1.Variable.StylesheetName ()">
				<info>(textxx).Page1.Variable.StylesheetName () : 10 lines</info>
			</step>
			<step title="(textxx).Page1.Variable.FontSize ()">
				<info>(textxx).Page1.Variable.FontSize () : 10 lines</info>
			</step>
			<step title="(textxx).Page1.Variable.Font ()">
				<info>(textxx).Page1.Variable.Font () : 10 lines</info>
			</step>
			<step title="(textxx).Page2.List ()">
				<info>(textxx).Page2.List () : 40 lines</info>
			</step>
			<step title="(textxx).Page2.List.StylesheetName ()">
				<info>(textxx).Page2.List.StylesheetName () : 10 lines</info>
			</step>
			<step title="(textxx).Page2.List.FontSize ()">
				<info>(textxx).Page2.List.FontSize () : 11 lines</info>
			</step>
			<step title="(textxx).Page2.List.Font ()">
				<info>(textxx).Page2.List.Font () : 10 lines</info>
			</step>
			<step title="(textxx).Page3.Box.StylesheetName ()">
				<info>(textxx).Page3.Box.StylesheetName () : 11 lines</info>
			</step>
			<step title="(textxx).Page3.Box.FontSize ()">
				<info>(textxx).Page3.Box.FontSize () : 10 lines</info>
			</step>
			<step title="(textxx).Page3.Box.Font ()">
				<info>(textxx).Page3.Box.Font () : 11 lines</info>
			</step>
			<step title="(textxx).Page3.Header.StylesheetName ()">
				<info>(textxx).Page3.Header.StylesheetName () : 10 lines</info>
			</step>
			<step title="(textxx).Page3.Header.FontSize ()">
				<info>(textxx).Page3.Header.FontSize () : 11 lines</info>
			</step>
			<step title="(textxx).Page3.Header.Font ()">
				<info>(textxx).Page3.Header.Font () : 10 lines</info>
			</step>
			<step title="(textxx).Page3.Column.StylesheetName ()">
				<info>(textxx).Page3.Column.StylesheetName () : 11 lines</info>
			</step>
			<step title="(textxx).Page3.Column.FontSize ()">
				<info>(textxx).Page3.Column.FontSize () : 10 lines</info>
			</step>
			<step title="(textxx).Page3.Column.Font ()">
				<info>(textxx).Page3.Column.Font () : 11 lines</info>
			</step>
			<step title="(textxx).Page3.Footer.StylesheetName ()">
				<info>(textxx).Page3.Footer.StylesheetName () : 10 lines</info>
			</step>
			<step title="(textxx).Page3.Footer.FontSize ()">
				<info>(textxx).Page3.Footer.FontSize () : 10 lines</info>
			</step>
			<step title="(textxx).Page3.Footer.Font ()">
				<info>(textxx).Page3.Footer.Font () : 10 lines</info>
			</step>
			<step title="(textxx).Page3.Footer.Height ()">
				<info>(textxx).Page3.Footer.Height () : 11 lines</info>
			</step>
			<step title="(textxx).Page3.Header.Height ()">
				<info>(textxx).Page3.Header.Height () : 11 lines</info>
			</step>
			<step title="(textxx).Page3.Column.Height ()">
				<info>(textxx).Page3.Column.Height () : 10 lines</info>
			</step>
			<step title="(textxx).Page4.TinyButton.StylesheetName ()">
				<info>(textxx).Page4.TinyButton.StylesheetName () : 10 lines</info>
			</step>
			<step title="(textxx).Page4.TinyButton.FontSize ()">
				<info>(textxx).Page4.TinyButton.FontSize () : 10 lines</info>
			</step>
			<step title="(textxx).Page4.TinyButton.Font ()">
				<info>(textxx).Page4.TinyButton.Font () : 11 lines</info>
			</step>
			<step title="(textxx).Page4.TinyButton.Height ()">
				<info>(textxx).Page4.TinyButton.Height () : 10 lines</info>
			</step>
			<step title="(textxx).Page4.SmallButton.StylesheetName ()">
				<info>(textxx).Page4.SmallButton.StylesheetName () : 10 lines</info>
			</step>
			<step title="(textxx).Page4.SmallButton.FontSize ()">
				<info>(textxx).Page4.SmallButton.FontSize () : 10 lines</info>
			</step>
			<step title="(textxx).Page4.SmallButton.Font ()">
				<info>(textxx).Page4.SmallButton.Font () : 11 lines</info>
			</step>
			<step title="(textxx).Page4.SmallButton.Height ()">
				<info>(textxx).Page4.SmallButton.Height () : 10 lines</info>
			</step>
			<step title="(textxx).Page4.Button.StylesheetName ()">
				<info>(textxx).Page4.Button.StylesheetName () : 10 lines</info>
			</step>
			<step title="(textxx).Page4.Button.FontSize ()">
				<info>(textxx).Page4.Button.FontSize () : 10 lines</info>
			</step>
			<step title="(textxx).Page4.Button.Font ()">
				<info>(textxx).Page4.Button.Font () : 11 lines</info>
			</step>
			<step title="(textxx).Page4.Button.Height ()">
				<info>(textxx).Page4.Button.Height () : 11 lines</info>
			</step>
			<step title="(textxx).Page4.TinyMenu.StylesheetName ()">
				<info>(textxx).Page4.TinyMenu.StylesheetName () : 10 lines</info>
			</step>
			<step title="(textxx).Page4.TinyMenu.FontSize ()">
				<info>(textxx).Page4.TinyMenu.FontSize () : 10 lines</info>
			</step>
			<step title="(textxx).Page4.TinyMenu.Font ()">
				<info>(textxx).Page4.TinyMenu.Font () : 10 lines</info>
			</step>
			<step title="(textxx).Page4.TinyMenu.Height ()">
				<info>(textxx).Page4.TinyMenu.Height () : 11 lines</info>
			</step>
			<step title="(textxx).Page4.SmallMenu.StylesheetName ()">
				<info>(textxx).Page4.SmallMenu.StylesheetName () : 10 lines</info>
			</step>
			<step title="(textxx).Page4.SmallMenu.FontSize ()">
				<info>(textxx).Page4.SmallMenu.FontSize () : 10 lines</info>
			</step>
			<step title="(textxx).Page4.SmallMenu.Font ()">
				<info>(textxx).Page4.SmallMenu.Font () : 10 lines</info>
			</step>
			<step title="(textxx).Page4.SmallMenu.Height ()">
				<info>(textxx).Page4.SmallMenu.Height () : 11 lines</info>
			</step>
			<step title="(textxx).Page4.Menu.StylesheetName ()">
				<info>(textxx).Page4.Menu.StylesheetName () : 10 lines</info>
			</step>
			<step title="(textxx).Page4.Menu.FontSize ()">
				<info>(textxx).Page4.Menu.FontSize () : 10 lines</info>
			</step>
			<step title="(textxx).Page4.Menu.Font ()">
				<info>(textxx).Page4.Menu.Font () : 10 lines</info>
			</step>
			<step title="(textxx).Page4.Menu.Height ()">
				<info>(textxx).Page4.Menu.Height () : 11 lines</info>
			</step>
		</step>
		<info>4 project forms</info>
	</step>
	<step title="テーブルフォームを検査">
		<info>0 table forms</info>
	</step>
	<step title="リンクのないフォームを検査">
	</step>
	<step title="ユーザー＆グループ情報を検査">
	</step>
	<step title="ヘルプTipsを検査">
	</step>
	<step title="エクスプローラーのフォルダーを検査">
		<step title="ごみ箱">
		</step>
	</step>
	<step title="メニューバーとメニューを検査">
	</step>
	<step title="Check Lists">
	</step>
	<step title="リンクのないメソッドを検査">
	</step>
	<step title="以前のファイルをバックアップに移動">
<move from="Macintosh HD:Users:miyako:Desktop:USB:RS-high-resolution:high-resolution.4dbase:high-resolution.4DB" to="Macintosh HD:Users:miyako:Desktop:USB:RS-high-resolution:high-resolution.4dbase:Replaced Files (Repairing) 2015-04-23 11-25-55:high-resolution.4DB">
</move>	</step>
	<step title="新しいファイルをデータベースフォルダに作成">
<move from="Macintosh HD:Users:miyako:Desktop:USB:RS-high-resolution:high-resolution.4dbase:Replaced Files (Repairing) 2015-04-23 11-25-55:_high-resolution_compacted.4DB" to="Macintosh HD:Users:miyako:Desktop:USB:RS-high-resolution:high-resolution.4dbase:high-resolution.4DB">
</move>	</step>
	<step title="以前のインデックスファイルをバックアップに移動">
<move from="Macintosh HD:Users:miyako:Desktop:USB:RS-high-resolution:high-resolution.4dbase:high-resolution.4DIndy" to="Macintosh HD:Users:miyako:Desktop:USB:RS-high-resolution:high-resolution.4dbase:Replaced Files (Repairing) 2015-04-23 11-25-55:high-resolution.4DIndy">
</move>	</step>
	<step title="新しいインデックスファイルをデータベースフォルダに作成">
<move from="Macintosh HD:Users:miyako:Desktop:USB:RS-high-resolution:high-resolution.4dbase:Replaced Files (Repairing) 2015-04-23 11-25-55:_high-resolution_compacted.4DIndy" to="Macintosh HD:Users:miyako:Desktop:USB:RS-high-resolution:high-resolution.4dbase:high-resolution.4DIndy">
</move>	</step>
</step>
<stop_timer time="2015-04-23T11:25:56+09:00" success="true" user_canceled="false"/>
</verifylog>
