﻿<?xml version="1.0" encoding="UTF-8" standalone="yes" ?><?xml-stylesheet type = "text/xsl" href="LogStyleSheet.xsl"?><verifylog data="Pinky:Users:rolandlannuzel:Documents:Bases vMain:• DEV CON 2014:• Process 4D Tags:ARTISTS:artists.4dbase:artists.4DD" name="artists" operation="Verify" os="Mac OS X (10.9.4)" structure="Pinky:Users:rolandlannuzel:Documents:Bases vMain:• DEV CON 2014:• Process 4D Tags:ARTISTS:artists.4dbase:artists.4DB">  <start_timer time="2014-08-28T10:29:07+02:00"/>  <step title="Opening the database in maintenance mode"></step>  <step title="Check bit tables for segment 1"></step>  <step title="Check bit tables for segment 65"></step>  <step title="Checking auto sequence number definitions"></step>  <step title="Checking chained list of deleted auto sequence number def initions"></step>  <step title="Checking data table definitions"></step>  <step title="Checking chained list of deleted table definitions"></step>  <step title="Checking index definitions"></step>  <step title="Checking chained list of deleted index definitions"></step>  <step title="Checking backup index definitions"></step>  <step title="Checking chained list of deleted backup index definitions"></step>  <step title="Load data tables">	  <step title="Checking data table headers">	</step>	  <step title="Checking chained list of deleted data table headers">	</step></step>  <step title="Checking BLOBs in table Resources"></step>  <step title="Checking list of deleted BLOBs in table Resources"></step>  <step title="Checking records in table Resources"></step>  <step title="Checking list of deleted records in table Resources"></step>  <step title="Checking BLOBs in table [Table#0]"></step>  <step title="Checking list of deleted BLOBs in table [Table#0]"></step>  <step title="Checking records in table [Table#0]"></step>  <step title="Checking list of deleted records in table [Table#0]"></step>  <step title="Checking index B-tree Index 0 on kind (TYPE only)">	  <step title="Checking index page addresses on B-tree Index 0 on kind (TYPE only)">	</step>	  <step title="Checking index pages on B-tree Index 0 on kind (TYPE only)">	</step></step>  <step title="Checking index B-tree Index 1 on stamp (stamp)">	  <step title="Checking index page addresses on B-tree Index 1 on stamp (stamp)">	</step>	  <step title="Checking index pages on B-tree Index 1 on stamp (stamp)">	</step></step>  <step title="Checking index B-tree Index 2 on kind , id (TYPE and ID)">	  <step title="Checking index page addresses on B-tree Index 2 on kind , id (TYPE and ID)">	</step>	  <step title="Checking index pages on B-tree Index 2 on kind , id (TYPE and ID)">	</step></step>  <step title="Scanning data"></step>  <step title="Check bit tables for segment 1"></step>  <step title="Check bit tables for segment 65"></step>  <step title="Checking auto sequence number definitions"></step>  <step title="Checking chained list of deleted auto sequence number def initions"></step>  <step title="Checking data table definitions"></step>  <step title="Checking chained list of deleted table definitions"></step>  <step title="Checking index definitions"></step>  <step title="Checking chained list of deleted index definitions"></step>  <step title="Load data tables">	  <step title="Checking data table headers">	</step>	  <step title="Checking chained list of deleted data table headers">	</step></step>  <step title="Checking BLOBs in table ARTISTS"></step>  <step title="Checking list of deleted BLOBs in table ARTISTS"></step>  <step title="Checking records in table ARTISTS"></step>  <step title="Checking list of deleted records in table ARTISTS"></step>  <step title="Checking index B-tree Index 0 on ARTISTS.ID">	  <step title="Checking index page addresses on B-tree Index 0 on ARTISTS.ID">	</step>	  <step title="Checking index pages on B-tree Index 0 on ARTISTS.ID">	</step></step>  <step title="Scanning data"></step>  <stop_timer success="true" time="2014-08-28T10:29:08+02:00" user_canceled="false"/></verifylog>