﻿<?xml version="1.0" encoding="UTF-8" standalone="no" ?><BuildApplicationLog>  <Log>    <MessageType>Comment</MessageType>    <Target>Application</Target>    <CodeDesc>NO_ERR</CodeDesc>    <CodeId>0</CodeId>    <Message>Start "Application" target build [2013-10-17T06:46:14]</Message>  </Log>  <Log>    <MessageType>Warning</MessageType>    <Target>Common</Target>    <CodeDesc>Component already exists</CodeDesc>    <CodeId>0</CodeId>    <Message>The component Macintosh HD:Users:olivier:Desktop:DemoSimpleAutoUpdate_Build:2:Final Application:DemoSimpleAutoUpdate.app:Contents:Components:4D Progress.4dbase: already exists.</Message>  </Log>  <Log>    <MessageType>Warning</MessageType>    <Target>Common</Target>    <CodeDesc>Component already exists</CodeDesc>    <CodeId>0</CodeId>    <Message>The component Macintosh HD:Users:olivier:Desktop:DemoSimpleAutoUpdate_Build:2:Final Application:DemoSimpleAutoUpdate.app:Contents:Components:4D SVG.4dbase: already exists.</Message>  </Log>  <Log>    <MessageType>Warning</MessageType>    <Target>Common</Target>    <CodeDesc>Component already exists</CodeDesc>    <CodeId>0</CodeId>    <Message>The component Macintosh HD:Users:olivier:Desktop:DemoSimpleAutoUpdate_Build:2:Final Application:DemoSimpleAutoUpdate.app:Contents:Components:4D Widgets.4dbase: already exists.</Message>  </Log>  <Log>    <MessageType>Comment</MessageType>    <Target>Common</Target>    <CodeDesc>NO_ERR</CodeDesc>    <CodeId>0</CodeId>    <Message>Start copying files : Macintosh HD:Users:olivier:Desktop:DemoSimpleAutoUpdate_Build:2:Final Application:DemoSimpleAutoUpdate.app:Contents:Database:DemoSimpleAutoUpdate.4DC</Message>  </Log>  <Log>    <MessageType>Comment</MessageType>    <Target>Common</Target>    <CodeDesc>NO_ERR</CodeDesc>    <CodeId>0</CodeId>    <Message>End copying files : Macintosh HD:Users:olivier:Desktop:DemoSimpleAutoUpdate_Build:2:Final Application:DemoSimpleAutoUpdate.app:Contents:Database:DemoSimpleAutoUpdate.4DC</Message>  </Log>  <Log>    <MessageType>Comment</MessageType>    <Target>Application</Target>    <CodeDesc>Copying license file</CodeDesc>    <CodeId>0</CodeId>    <Message>License file copying from Macintosh HD:Library:Application Support:4D:Licenses:4DDP140UUS00180MLV1DDD4.license4D to Macintosh HD:Users:olivier:Desktop:DemoSimpleAutoUpdate_Build:2:Final Application:DemoSimpleAutoUpdate.app:Contents:Licenses:1.license4D.</Message>  </Log>  <Log>    <MessageType>Comment</MessageType>    <Target>Application</Target>    <CodeDesc>Copying license file</CodeDesc>    <CodeId>0</CodeId>    <Message>License file copying from Macintosh HD:Library:Application Support:4D:Licenses:4UUD140UUS00180MLS018CB.license4D to Macintosh HD:Users:olivier:Desktop:DemoSimpleAutoUpdate_Build:2:Final Application:DemoSimpleAutoUpdate.app:Contents:Licenses:2.license4D.</Message>  </Log>  <Log>    <MessageType>Comment</MessageType>    <Target>Application</Target>    <CodeDesc>NO_ERR</CodeDesc>    <CodeId>0</CodeId>    <Message>End "Application" target build [2013-10-17T06:47:12]</Message>  </Log></BuildApplicationLog>